"dept_no","dept_name","manager_emp_no","manager_last_name","manager_first_name"
"d001","Marketing",110022,"Markovitch","Margareta"
"d001","Marketing",110039,"Minakawa","Vishwani"
"d002","Finance",110085,"Alpin","Ebru"
"d002","Finance",110114,"Legleitner","Isamu"
"d003","Human Resources",110183,"Ossenbruggen","Shirish"
"d003","Human Resources",110228,"Sigstam","Karsten"
"d004","Production",110303,"Wegerle","Krassimir"
"d004","Production",110344,"Cools","Rosine"
"d004","Production",110386,"Kieras","Shem"
"d004","Production",110420,"Ghazalie","Oscar"
"d005","Development",110511,"Hagimont","DeForest"
"d005","Development",110567,"DasSarma","Leon"
"d006","Quality Management",110725,"Onuegbe","Peternela"
"d006","Quality Management",110765,"Hofmeyr","Rutger"
"d006","Quality Management",110800,"Quadeer","Sanjoy"
"d006","Quality Management",110854,"Pesch","Dung"
"d007","Sales",111035,"Kaelbling","Przemyslawa"
"d007","Sales",111133,"Zhang","Hauke"
"d008","Research",111400,"Staelin","Arie"
"d008","Research",111534,"Kambil","Hilary"
"d009","Customer Service",111692,"Butterworth","Tonny"
"d009","Customer Service",111784,"Giarratana","Marjo"
"d009","Customer Service",111877,"Spinelli","Xiaobin"
"d009","Customer Service",111939,"Weedman","Yuchang"
